smartphones,camera,picture,frame,photo,photography,night,rear,front,selfie,pixel,,
smartphones,battery,mah,backup,drain,,,,,,,,
smartphones,heat,,,,,,,,,,,
smartphones,display,oled,retina,touch,screen,resolution,hd,haptic,refresh rate,,,
smartphones,charging,charger,,,,,,,,,,
smartphones,service,package,deliver,,,,,,,,,
smartphones,audio,speakers,sound,dolby,call,,,,,,,
smartphones,warranty,,,,,,,,,,,
smartphones,performance,ram,processor,stuck,speed,snapdragon,,,,,,
smartphones,memory,storage,ram,,,,,,,,,
smartphones,game,gaming,pubg,,,,,,,,,
smartphones,mobile,product,phone,smartphone,,,,,,,,
smartphones,design,build,solid,built,look,,,,,,,
smartphones,value for money,price,pricing,money,,,,,,,,
smartphones,software,operating system,os,app,android,user interface,ui,bloatware,hang,,,
smartphones,overall,phone,product,smartphone,,,,,,,,
smartphones,hardware,weight,fingerprint,finger,sensor,heat,hot,heavy,vibration,,,
smartphones,material,plastic,glass,,,,,,,,,
smartphones,service,customer care,delivery,courier,exchange,,,,,,,
headphones,bluetooth,connect,pair,range,,,,,,,,
headphones,bass,tuning,equalizer,,,,,,,,,
headphones,battery,backup,,,,,,,,,,
headphones,sound,audio,driver,distort,fidelity,loudness,clarity,,,,,
headphones,comfort,wear,uncomfortable,cushion,hurt,pain,,,,,,
headphones,design,build,material,plastic,built,look,,,,,,
headphones,gaming,latency,pubg,game,lag,,,,,,,
headphones,noise cancellation,noise,cancellation,enc,anc,isolation,,,,,,
headphones,call quality,audible,mic,calls,,,,,,,,
headphones,pricing,price,value for money,,,,,,,,,
headphones,charging,,,,,,,,,,,
headphones,product,earphone,headphone,overall,,,,,,,,
ceiling fan,value for money,price,money,,,,,,,,,
ceiling fan,noise,sound,volume,,,,,,,,,
ceiling fan,air flow,cooling,speed,sweep,area,air delivery,,,,,,
ceiling fan,quality,built,build,shaking,unstable,body,wobbl,,,,,
ceiling fan,smart,remote,voice,app,mode,wifi,sensor,alexa,google,led,light,iot
ceiling fan,installation,install,setup,assembly,spare,,,,,,,
ceiling fan,material,plastic,metal,wire,iron,bearing,connector,coil,motor,mother board,,
ceiling fan,delivery,delivery,,,,,,,,,,
ceiling fan,overall,product,fan,model,,,,,,,,
ceiling fan,design,look,,,,,,,,,,
ceiling fan,,customer care,,,,,,,,,,
ceiling fan,packaging,packing,package,,,,,,,,,